"","colnames.genres_matrix.","lasso.coef"
"1","Documentary",0.203040568796093
"2","Drama",0.0927367233200397
"3","Biography",0.0730765329956836
"4","Comedy",-0.0356370596242898
"5","Horror",-0.038061423688941
